{
  "parent": "minecraft:recipes/root",
  "criteria": {
    "has_needed_dye": {
      "conditions": {
        "items": [
          {
            "items": "minecraft:gray_dye"
          }
        ]
      },
      "trigger": "minecraft:inventory_changed"
    },
    "has_the_recipe": {
      "conditions": {
        "recipe": "travelersbackpack:dye_gray_sleeping_bag"
      },
      "trigger": "minecraft:recipe_unlocked"
    }
  },
  "requirements": [
    [
      "has_the_recipe",
      "has_needed_dye"
    ]
  ],
  "rewards": {
    "recipes": [
      "travelersbackpack:dye_gray_sleeping_bag"
    ]
  }
}