{
  "parent": "minecraft:recipes/root",
  "criteria": {
    "has_honey_bottle": {
      "conditions": {
        "items": [
          {
            "items": "minecraft:honey_bottle"
          }
        ]
      },
      "trigger": "minecraft:inventory_changed"
    },
    "has_honeycomb": {
      "conditions": {
        "items": [
          {
            "items": "minecraft:honeycomb"
          }
        ]
      },
      "trigger": "minecraft:inventory_changed"
    },
    "has_the_recipe": {
      "conditions": {
        "recipe": "travelersbackpack:bee"
      },
      "trigger": "minecraft:recipe_unlocked"
    }
  },
  "requirements": [
    [
      "has_the_recipe",
      "has_honeycomb",
      "has_honey_bottle"
    ]
  ],
  "rewards": {
    "recipes": [
      "travelersbackpack:bee"
    ]
  }
}