{
  "parent": "minecraft:recipes/root",
  "criteria": {
    "has_blank_upgrade": {
      "conditions": {
        "items": [
          {
            "items": "travelersbackpack:blank_upgrade"
          }
        ]
      },
      "trigger": "minecraft:inventory_changed"
    },
    "has_the_recipe": {
      "conditions": {
        "recipe": "travelersbackpack:blast_furnace_upgrade"
      },
      "trigger": "minecraft:recipe_unlocked"
    }
  },
  "requirements": [
    [
      "has_the_recipe",
      "has_blank_upgrade"
    ]
  ],
  "rewards": {
    "recipes": [
      "travelersbackpack:blast_furnace_upgrade"
    ]
  }
}