{
  "parent": "minecraft:recipes/root",
  "criteria": {
    "has_egg": {
      "conditions": {
        "items": [
          {
            "items": "#c:eggs"
          }
        ]
      },
      "trigger": "minecraft:inventory_changed"
    },
    "has_the_recipe": {
      "conditions": {
        "recipe": "travelersbackpack:cake"
      },
      "trigger": "minecraft:recipe_unlocked"
    }
  },
  "requirements": [
    [
      "has_the_recipe",
      "has_egg"
    ]
  ],
  "rewards": {
    "recipes": [
      "travelersbackpack:cake"
    ]
  }
}