{
  "parent": "minecraft:recipes/root",
  "criteria": {
    "has_coal": {
      "conditions": {
        "items": [
          {
            "items": "#minecraft:coals"
          }
        ]
      },
      "trigger": "minecraft:inventory_changed"
    },
    "has_the_recipe": {
      "conditions": {
        "recipe": "travelersbackpack:coal"
      },
      "trigger": "minecraft:recipe_unlocked"
    }
  },
  "requirements": [
    [
      "has_the_recipe",
      "has_coal"
    ]
  ],
  "rewards": {
    "recipes": [
      "travelersbackpack:coal"
    ]
  }
}