{
  "parent": "minecraft:recipes/root",
  "criteria": {
    "has_milk_bucket": {
      "conditions": {
        "items": [
          {
            "items": "minecraft:milk_bucket"
          }
        ]
      },
      "trigger": "minecraft:inventory_changed"
    },
    "has_the_recipe": {
      "conditions": {
        "recipe": "travelersbackpack:cow"
      },
      "trigger": "minecraft:recipe_unlocked"
    }
  },
  "requirements": [
    [
      "has_the_recipe",
      "has_milk_bucket"
    ]
  ],
  "rewards": {
    "recipes": [
      "travelersbackpack:cow"
    ]
  }
}