{
  "parent": "minecraft:recipes/root",
  "criteria": {
    "has_emerald": {
      "conditions": {
        "items": [
          {
            "items": "#c:gems/emerald"
          }
        ]
      },
      "trigger": "minecraft:inventory_changed"
    },
    "has_the_recipe": {
      "conditions": {
        "recipe": "travelersbackpack:emerald"
      },
      "trigger": "minecraft:recipe_unlocked"
    }
  },
  "requirements": [
    [
      "has_the_recipe",
      "has_emerald"
    ]
  ],
  "rewards": {
    "recipes": [
      "travelersbackpack:emerald"
    ]
  }
}