{
  "parent": "minecraft:recipes/root",
  "criteria": {
    "has_ghast_tear": {
      "conditions": {
        "items": [
          {
            "items": "minecraft:ghast_tear"
          }
        ]
      },
      "trigger": "minecraft:inventory_changed"
    },
    "has_the_recipe": {
      "conditions": {
        "recipe": "travelersbackpack:ghast"
      },
      "trigger": "minecraft:recipe_unlocked"
    }
  },
  "requirements": [
    [
      "has_the_recipe",
      "has_ghast_tear"
    ]
  ],
  "rewards": {
    "recipes": [
      "travelersbackpack:ghast"
    ]
  }
}