{
  "parent": "minecraft:recipes/root",
  "criteria": {
    "has_the_recipe": {
      "conditions": {
        "recipe": "travelersbackpack:hay"
      },
      "trigger": "minecraft:recipe_unlocked"
    },
    "has_wheat": {
      "conditions": {
        "items": [
          {
            "items": "#c:crops/wheat"
          }
        ]
      },
      "trigger": "minecraft:inventory_changed"
    }
  },
  "requirements": [
    [
      "has_the_recipe",
      "has_wheat"
    ]
  ],
  "rewards": {
    "recipes": [
      "travelersbackpack:hay"
    ]
  }
}