{
  "parent": "minecraft:recipes/root",
  "criteria": {
    "has_magma_cream": {
      "conditions": {
        "items": [
          {
            "items": "minecraft:magma_cream"
          }
        ]
      },
      "trigger": "minecraft:inventory_changed"
    },
    "has_the_recipe": {
      "conditions": {
        "recipe": "travelersbackpack:magma_cube"
      },
      "trigger": "minecraft:recipe_unlocked"
    }
  },
  "requirements": [
    [
      "has_the_recipe",
      "has_magma_cream"
    ]
  ],
  "rewards": {
    "recipes": [
      "travelersbackpack:magma_cube"
    ]
  }
}