{
  "parent": "minecraft:recipes/root",
  "criteria": {
    "has_cod": {
      "conditions": {
        "items": [
          {
            "items": "minecraft:cod"
          }
        ]
      },
      "trigger": "minecraft:inventory_changed"
    },
    "has_the_recipe": {
      "conditions": {
        "recipe": "travelersbackpack:ocelot"
      },
      "trigger": "minecraft:recipe_unlocked"
    }
  },
  "requirements": [
    [
      "has_the_recipe",
      "has_cod"
    ]
  ],
  "rewards": {
    "recipes": [
      "travelersbackpack:ocelot"
    ]
  }
}