{
  "parent": "minecraft:recipes/root",
  "criteria": {
    "has_arrow": {
      "conditions": {
        "items": [
          {
            "items": "minecraft:arrow"
          }
        ]
      },
      "trigger": "minecraft:inventory_changed"
    },
    "has_the_recipe": {
      "conditions": {
        "recipe": "travelersbackpack:skeleton"
      },
      "trigger": "minecraft:recipe_unlocked"
    }
  },
  "requirements": [
    [
      "has_the_recipe",
      "has_arrow"
    ]
  ],
  "rewards": {
    "recipes": [
      "travelersbackpack:skeleton"
    ]
  }
}