{
  "parent": "minecraft:recipes/root",
  "criteria": {
    "has_the_recipe": {
      "conditions": {
        "recipe": "travelersbackpack:warden_smithing"
      },
      "trigger": "minecraft:recipe_unlocked"
    },
    "has_warden": {
      "conditions": {
        "items": [
          {
            "items": "travelersbackpack:warden"
          }
        ]
      },
      "trigger": "minecraft:inventory_changed"
    }
  },
  "requirements": [
    [
      "has_the_recipe",
      "has_warden"
    ]
  ],
  "rewards": {
    "recipes": [
      "travelersbackpack:warden_smithing"
    ]
  }
}