{
  "type": "travelersbackpack:backpack_shaped",
  "category": "misc",
  "key": {
    "A": {
      "tag": "c:gems/quartz"
    },
    "B": {
      "tag": "c:crops/nether_wart"
    },
    "C": {
      "tag": "c:netherracks"
    },
    "D": {
      "item": "travelersbackpack:standard"
    },
    "E": {
      "item": "minecraft:blackstone"
    },
    "F": {
      "item": "minecraft:lava_bucket"
    }
  },
  "pattern": [
    "ABA",
    "CDC",
    "EFE"
  ],
  "result": {
    "count": 1,
    "id": "travelersbackpack:nether"
  }
}