{
  "type": "travelersbackpack:backpack_shaped",
  "category": "misc",
  "group": "standard_travelers_backpack",
  "key": {
    "B": {
      "tag": "c:strings"
    },
    "C": {
      "item": "travelersbackpack:backpack_tank"
    },
    "D": {
      "tag": "c:chests/wooden"
    },
    "S": {
      "tag": "travelersbackpack:sleeping_bags"
    },
    "X": {
      "tag": "c:leathers"
    }
  },
  "pattern": [
    "XBX",
    "CDC",
    "XSX"
  ],
  "result": {
    "count": 1,
    "id": "travelersbackpack:standard"
  }
}