{
  "type": "minecraft:block",
  "pools": [
    {
      "bonus_rolls": 0.0,
      "conditions": [
        {
          "condition": "minecraft:survives_explosion"
        }
      ],
      "entries": [
        {
          "type": "minecraft:item",
          "functions": [
            {
              "function": "minecraft:copy_components",
              "include": [
                "travelersbackpack:tier",
                "travelersbackpack:storage_slots",
                "travelersbackpack:upgrade_slots",
                "travelersbackpack:tool_slots",
                "travelersbackpack:backpack_container",
                "travelersbackpack:tools_container",
                "travelersbackpack:upgrades",
                "travelersbackpack:show_tool_slots",
                "travelersbackpack:sleeping_bag_color",
                "travelersbackpack:ability_enabled",
                "travelersbackpack:cooldown",
                "travelersbackpack:render_info",
                "travelersbackpack:starter_upgrades",
                "travelersbackpack:slots",
                "travelersbackpack:is_visible",
                "travelersbackpack:upgrade_tick_interval",
                "minecraft:custom_name",
                "minecraft:dyed_color"
              ],
              "source": "block_entity"
            }
          ],
          "name": "travelersbackpack:iron_golem"
        }
      ],
      "rolls": 1.0
    }
  ],
  "random_sequence": "travelersbackpack:blocks/iron_golem"
}