{
  "type": "minecraft:block",
  "pools": [
    {
      "bonus_rolls": 0.0,
      "conditions": [
        {
          "condition": "minecraft:survives_explosion"
        }
      ],
      "entries": [
        {
          "type": "minecraft:item",
          "conditions": [
            {
              "block": "travelersbackpack:light_gray_sleeping_bag",
              "condition": "minecraft:block_state_property",
              "properties": {
                "part": "head"
              }
            }
          ],
          "name": "travelersbackpack:light_gray_sleeping_bag"
        }
      ],
      "rolls": 1.0
    }
  ],
  "random_sequence": "travelersbackpack:blocks/light_gray_sleeping_bag"
}